module_slug,question_text,pattern,option_a,option_a_weights,option_a_behavior,option_b,option_b_weights,option_b_behavior,option_c,option_c_weights,option_c_behavior,option_d,option_d_weights,option_d_behavior,tags
personality,"A process you designed is now slowing the team down, though it was the right call when you introduced it. What do you do?",situational,"Retire it yourself and say plainly that it has outlived its purpose.",ownership:3;adaptability:3;integrity:2,Retires it,"Ask the team to propose a replacement before you change anything.",teamwork:3;leadership:1;ownership:-1,Delegates the fix,"Keep it until someone raises it formally — it is still doing its job.",accountability:1;adaptability:-3,Waits to be told,"Defend it, since the team has not seen the problems it prevents.",ownership:1;adaptability:-2;teamwork:-2,Defends it,fixture;advanced
personality,"You are certain a decision is wrong, but you have already argued the case twice and lost. The work starts Monday. What do you do?",situational,"Commit fully and make it work, keeping your concerns to yourself.",teamwork:3;adaptability:2;communication:-1,Commits,"Put your objection in writing once, then commit fully.",integrity:3;communication:3;accountability:2,Records and commits,"Commit, but do the minimum so the outcome speaks for itself.",integrity:-3;teamwork:-3;accountability:-2,Withholds effort,"Take it to someone more senior than the person who decided.",risk_tolerance:2;leadership:1;teamwork:-2,Escalates over,fixture;advanced
personality,"A high performer on your team is quietly making life difficult for two quieter colleagues. Their output is the best you have. What do you do?",situational,"Address it directly with them, accepting you may lose them.",leadership:3;integrity:3;risk_tolerance:2,Confronts it,"Restructure the work so they interact less.",adaptability:2;empathy:1;leadership:-2,Works around it,"Speak to the two colleagues first about what they want done.",empathy:3;teamwork:2;leadership:1,Consults those affected,"Wait for a formal complaint before acting on hearsay.",accountability:1;empathy:-3;leadership:-2,Waits for a complaint,fixture;advanced
personality,"Halfway through a project you realise your original estimate was badly wrong. Nobody has noticed yet. What do you do?",situational,"Flag it immediately with a revised plan, before anyone asks.",integrity:3;accountability:3;communication:2,Flags early,"Work longer hours and try to bring it back on track quietly.",ownership:2;resilience:2;communication:-3,Absorbs it,"Raise it at the next scheduled check-in with the rest of the update.",accountability:1;communication:1,Raises on schedule,"Wait to see whether it recovers on its own first.",integrity:-2;accountability:-3,Waits it out,fixture;advanced
personality,"You inherit a team where the previous lead was well liked but let standards slip. What do you do in your first month?",situational,"Set the new standard immediately and explain why.",leadership:3;communication:2;risk_tolerance:2,Sets the bar,"Spend the month listening before changing anything.",empathy:3;teamwork:2;leadership:-1,Listens first,"Raise the standard on one visible thing and let it spread.",leadership:2;adaptability:2;communication:1,Leads by example,"Keep things as they are — the team is functioning.",adaptability:-3;leadership:-3,Preserves,fixture;advanced
personality,"Two people you rate equally are up for one promotion. One has asked for it repeatedly; the other has not asked at all. What do you do?",situational,"Choose on evidence alone and explain the reasoning to both.",integrity:3;communication:3;empathy:1,Decides on merit,"Favour the one who asked — wanting it is part of being ready.",risk_tolerance:1;empathy:-2;integrity:-1,Rewards asking,"Ask the quieter one whether they want it before deciding.",empathy:3;communication:2;integrity:1,Checks assumptions,"Delay the decision and look for a second opening.",risk_tolerance:-2;leadership:-2,Defers,fixture;advanced
personality,"A client asks for something you can deliver, but you believe it will not solve their actual problem. What do you do?",situational,"Build what they asked for — it is their call to make.",teamwork:1;integrity:-2;communication:-2,Complies,"Say clearly why you think it is wrong, then build it if they insist.",integrity:3;communication:3;accountability:2,Advises then delivers,"Build a small version of your alternative to show them instead.",risk_tolerance:2;ownership:2;communication:1,Demonstrates,"Decline until they can explain the reasoning.",integrity:1;teamwork:-3;empathy:-2,Refuses,fixture;advanced
personality,"You are handed a deadline you are fairly sure is unachievable, by someone who has already been told twice that it is. What do you do?",situational,"Accept it and start, raising it again only with evidence.",resilience:2;accountability:2;communication:-1,Starts anyway,"Give a plan for what is achievable by that date instead.",communication:3;accountability:3;ownership:2,Reframes it,"Accept it publicly and manage expectations privately.",integrity:-2;communication:-1,Manages quietly,"Refuse to commit to a date you do not believe.",integrity:2;teamwork:-2;adaptability:-2,Declines,fixture;advanced
personality,"Which would you rather be known for?",trade_off,"Being the person who always delivers what they promised.",accountability:3;ownership:2;risk_tolerance:-2,Reliability,"Being the person who takes on what nobody else will.",risk_tolerance:3;leadership:2;accountability:-1,Boldness,,,,,,,fixture;advanced
personality,"A project can have one of these. Which do you choose?",trade_off,"A team that gets on well and works at a steady pace.",teamwork:3;empathy:2;risk_tolerance:-2,Harmony,"A team that argues openly and moves faster for it.",communication:3;risk_tolerance:2;teamwork:-1,Friction,,,,,,,fixture;advanced
personality,"Which mistake would you rather make?",trade_off,"Trusting someone who turned out not to deserve it.",empathy:3;teamwork:2;risk_tolerance:1,Over-trusting,"Checking work that did not need checking.",accountability:3;ownership:2;empathy:-2,Over-checking,,,,,,,fixture;advanced
personality,"Which costs you more?",trade_off,"Being asked to change direction after you have committed to a plan.",adaptability:-3;accountability:2,Dislikes change,"Being left to decide without enough information.",risk_tolerance:-3;adaptability:1,Dislikes ambiguity,,,,,,,fixture;advanced
personality,"Which is closer to how you work?",trade_off,"I would rather be corrected early and often.",resilience:3;adaptability:2;communication:1,Wants feedback,"I would rather be given room and judged on the result.",ownership:3;risk_tolerance:2;communication:-2,Wants autonomy,,,,,,,fixture;advanced
personality,"Which describes you better under sustained pressure?",forced_choice,"I get quieter and more methodical.",resilience:3;accountability:2;communication:-1,Withdraws inward,"I get more vocal and pull people together.",leadership:3;communication:3;resilience:1,Rallies others,,,,,,,fixture;advanced
personality,"Which describes you better?",forced_choice,"I would rather fix the cause and miss the deadline.",ownership:3;integrity:2;accountability:-1,Fixes causes,"I would rather patch it now and fix the cause after.",adaptability:3;accountability:2;ownership:-1,Ships first,,,,,,,fixture;advanced
personality,"Which describes you better?",forced_choice,"I say what I think in the room, even when it is unwelcome.",communication:3;integrity:3;empathy:-2,Speaks up,"I raise difficult things privately, afterwards.",empathy:3;communication:1;integrity:1,Raises privately,,,,,,,fixture;advanced
personality,"Which describes you better?",forced_choice,"I am comfortable making a call other people will dislike.",leadership:3;risk_tolerance:3;empathy:-2,Decides regardless,"I want the people affected to have had their say first.",empathy:3;teamwork:3;leadership:-1,Builds consent,,,,,,,fixture;advanced
personality,"Rank these from most like you to least like you when a project goes badly wrong.",ranking,"Taking responsibility publicly, whoever caused it.",accountability:3;leadership:3;integrity:2,Takes the blame,"Working out what broke before saying anything.",ownership:3;accountability:1,Diagnoses first,"Making sure the team does not lose confidence.",empathy:3;leadership:2;teamwork:2,Steadies the team,"Changing the plan fast rather than defending the old one.",adaptability:3;risk_tolerance:2,Changes course,fixture;advanced
personality,"Rank these from most like you to least like you.",ranking,"Telling someone something they will not want to hear.",integrity:3;communication:3;empathy:-1,Direct,"Sticking with a decision when it gets uncomfortable.",resilience:3;accountability:2,Holds the line,"Changing your mind publicly when the evidence shifts.",adaptability:3;integrity:2;ownership:-1,Updates openly,"Letting someone else take the lead when they are better placed.",teamwork:3;empathy:2;leadership:-2,Steps back,fixture;advanced
personality,"Rank these from most to least important in the people you work with.",ranking,"They do what they said they would do.",accountability:3;integrity:2,Values reliability,"They tell you when something is wrong early.",communication:3;integrity:2,Values candour,"They keep going when the work stops being interesting.",resilience:3;ownership:2,Values persistence,"They change approach when the first one fails.",adaptability:3;risk_tolerance:1,Values flexibility,fixture;advanced
